{
    "hooks": {
        "npm.publish": "npm login --registry=http://nexus.shinforobot.com/repository/basic-platform-ui/ && npm publish"
    },
    "npm": {
        "publish": true,
        "publishConfig": {
            "registry": "http://nexus.shinforobot.com/repository/basic-platform-ui/"
        },
        "publishArgs": [],
        "tag": null,
        "otp": null,
        "ignoreVersion": false,
        "allowSameVersion": false,
        "versionArgs": [],
        "skipChecks": false,
        "timeout": 10
    }
}